コンテンツ,動画のタイトル,動画公開時刻,長さ,視聴回数,インプレッション数,インプレッションのクリック率 (%),平均視聴時間
合計,,,,47745,741343,3.87,0:06:24
2qNRO7_5RmQ,初心者が最初につまづく「ルーター」と「スイッチ」の違いを解説,"Apr 22, 2024",1171,4162,52058,5.68,0:05:41
Q6GhUMQpKM8,総額10万円超!! 自宅ネットワークをフル10Gbps化すると実測スピードはどれだけ出るのか!?,"Feb 16, 2026",2707,2787,35176,5.63,0:09:18
dOfOovufttI,現役ネットワークエンジニアがデータセンターについて解説します。,"Feb 20, 2023",1896,2755,51400,3.59,0:06:27
2Cn8ylwRL1U,学べる手段が圧倒的に少ない!? 初心者ネットワークエンジニアの独学の難しさを語る,"Mar 2, 2026",1411,2329,36675,4.08,0:05:09
OEHAw6zuZ_Q,【30分で解説】BGPってなに？【BGPがわかるとインターネットがわかる】,"Mar 21, 2022",1969,2085,26680,4.65,0:10:10
vAKmvVeUAn8,総額10万円以上の自宅10Gbpsネットワークを数ヶ月使ってみた感想,"May 26, 2026",1060,1900,26873,4.94,0:04:04
QkMnhxv5yY8,ネットワークエンジニアを辞めようと思ったことある？【人生相談】,"May 11, 2026",1185,1857,32179,3.75,0:03:45
tZU23UkkUOk,新人エンジニアにオススメしたい「勉強しても損しない技術」の見極め方,"Mar 9, 2026",1307,1462,26955,3.38,0:05:53
cSzv2TTiIKg,光ファイバー&光トランシーバー  初心者向け講演をざっくり解説【JANOG55プログラム解説】,"Jun 16, 2025",1740,1273,13536,6.29,0:06:13
E9VL1Ot_cfw,「AIによってネットワークエンジニアの仕事は本当に奪われるのか!?」現役エンジニアが真剣に議論してみた,"Mar 16, 2026",1125,1220,20051,4.19,0:05:53
Rarf0iGgyAg,【超入門2023①】ネットワーク業界関係者しか知らない「インターネットの中身」,"Aug 28, 2023",1053,1171,3778,6.86,0:04:16
37VDH0fvOCA,個人向けルータ と 企業向けルータ の違いを解説してみました。,"Aug 16, 2021",1744,871,12473,4.91,0:06:55
Df-6ElLx7V0,市販品なのに規格外!? 国内メーカーが語る LANケーブル のトラブル事例【JANOG57プログラム解説】,"Apr 27, 2026",2200,790,11984,3.37,0:08:46
DXywOKGX5aU,実力のあるネットワークエンジニアは、なぜ転職しないのか,"Jun 1, 2026",1351,731,11108,4.76,0:06:50
fpXltBcfNeY,現役ネットワークエンジニアがインターネットの裏側について語ってみました,"Jan 7, 2020",3550,726,6790,2.83,0:08:09
Kfnd_iA_rm8,衛星インターネット Starlink が爆速な理由 を現役ネットワークエンジニアが解説してみた,"Nov 14, 2022",2998,702,2769,3.65,0:04:01
nebaHUZSPUA,生成AI向けデータセンター 、普通のDCと何が違うの？,"May 18, 2026",1601,635,11498,3.76,0:08:26
mby-5QCJpAU,ネットワーク業界関係者6000名が集まった「JANOG57 in 大阪」 当日の状況を現地から振り返る,"Feb 24, 2026",2963,627,10707,2.93,0:06:58
Kgq6-xUBAD8,ネットワーク業界関係者 6000名が集まった JANOG57 in 大阪  に現地参加してきました 【JANOG57前編】,"Apr 6, 2026",1385,615,12451,3.41,0:04:07
rbVrhAaDtHo,現役ネットワークエンジニアが実践している「ストレスとの正しい付き合い方」,"Mar 23, 2026",1738,578,10073,3.75,0:06:33
n20srMkJuPA,KDDI新入社員が作った!! 遊んで学べる ネットワークボードゲームを現地レポート 【JANOG57 BoF】,"Apr 20, 2026",2693,545,8696,3.73,0:03:57
fJFRSbRJJPA,「ピアリング」 と「IX (インターネットエクスチェンジ) 」について話してみました。【show int x JPIX コラボ企画】,"Jun 14, 2021",1844,520,7682,3.46,0:07:04
fLCwanCxniM,JANOG57 in 大阪 に集まるネットワーク業界の企業展示ブースを散策してきました 【JANOG57後編】,"Apr 13, 2026",1288,498,8981,3.34,0:03:50
SNUdTMWOuus,トラフィックで見る 野球世界一決定戦 WBC2026,"Mar 30, 2026",1361,495,8238,3.03,0:05:18
0YCilxx9tHI,現役エンジニアが「ネットワークエンジニアとサーバーエンジニアの違い」について話してみました。,"Mar 29, 2021",1602,477,8018,4.13,0:05:40
G_Vhuktg-YI,【超入門2023⑨】DNS 名前解決の仕組みを５分でざっくり解説,"Apr 29, 2024",318,468,3743,7.72,0:02:08
MaKhbTaJAyE,【超入門2023⑤】IX・トランジット を理解するとインターネットの業界構造がみえてくる,"Dec 5, 2023",1189,459,3821,7.77,0:06:32
hlGeHJUdGT4,【超入門2023③】日本のISP (インターネットサービスプロバイダ) を一気に解説,"Oct 23, 2023",635,391,2854,6.94,0:04:11
P4JHBQlGK4M,『理想のエンジニア』を採用するには、何をするべきか。何をやってはいけないか。,"Jun 8, 2026",1850,379,7678,2.94,0:07:23
xqTUhtzpGV4,現役ネットワークエンジニアが『インターネットの絵本』を作りたくなった話,"Jun 15, 2026",1273,372,7184,3.3,0:04:25
qMg-YU5AxZI,BGPってどうやって勉強すればいいの？ネットワークプロトコルの効率の良い勉強方法について話してみました。,"Jan 4, 2021",2638,339,5009,4.39,0:08:38
 -JhkpXgltZ8,【超入門2023②】「インターネットの正体」は無数のネットワークが繋がってできている,"Sep 18, 2023",729,323,2388,7.66,0:05:27
MO2D9KyV4-4,ネットワークエンジニアはどうやって勉強していけばいいの？学習方法やキャリアの積み方について,"Aug 21, 2020",2323,320,5021,4.5,0:07:04
vi7n-dzo38U,知らないと大障害の可能性も！？「NTP（ネットワークタイムプロトコル）」について解説してみました 【show int x セイコーソリューションズ コラボ企画】,"Jun 28, 2021",2228,315,3961,3.53,0:11:05
TBEpi0Vp5t4,変化の激しいAIデータセンター最新技術のキャッチアップに苦労している話,"Jun 29, 2026",1990,307,6100,3.25,0:08:49
ujwIY5fcUcc,【18分で解説】セグメントルーティングってなに？【show int 自習室】,"Apr 4, 2022",1116,292,2613,7.27,0:04:35
LyH10vqH6zg,インターネットを構成する「ネットワーク業界マップ」について話してみました。,"Jan 18, 2021",4509,288,3620,4.17,0:16:41
NHdm1Xd2svI,Console Server : Remote Access Device for Routers & Switches,"Aug 22, 2024",359,279,1497,8.88,0:01:36
ruLrwkFUHtc,コンテンツ充実しすぎ!? JANOG58 in 愛媛 松山 の発表タイムテーブルを眺めてみよう【開催直前!! JANOG58 松山 7/15(水)~17(金)】,"Jul 6, 2026",3125,278,5134,3.25,0:09:36
5Mlsgp8ZmRE,【超入門2023⑧】「ルーティング」の概念がわかると「インターネットのしくみ」がわかる【6分で解説】,"Mar 19, 2024",409,269,1920,8.54,0:02:58
YouQn1-KOnM,元Google ネットワーク戦略交渉担当が語る「世界のインターネットで今起きていること」【エンジニア対談ポッドキャスト powered by セイコーソリューションズ】,"Feb 2, 2026",3089,248,5219,2.2,0:09:02
jMaE0dvmmjY,責任の重いチームリーダーの役割になったときに家族の存在に助けられた話,"May 4, 2026",1389,227,5928,2.4,0:05:53
u602X43oJow,【超入門2023⑥】アクセスネットワーク事業者・海底ケーブルの裏側について解説,"Jan 29, 2024",748,215,2030,5.02,0:05:20
SX7zeKzT08M,【超入門2023④】クラウド事業者・データセンタ事業者・CDN事業者・コンテンツ事業者の違いを解説,"Nov 20, 2023",890,210,2261,5.53,0:07:06
ZeYwGmf_26k,「インターネットの構造」を現役ネットワークエンジニアが解説しました。,"Nov 30, 2020",4325,206,2543,4.36,0:13:08
q5UI2CVmyY8,SD-WANについて専門家に話を聞いてみました。,"Nov 5, 2019",2514,192,2740,5.18,0:05:00
G1latybZrEE,現役エンジニアが実践する在宅ワーク中の効率の良い『休憩時間』の過ごし方,"Jun 22, 2026",1300,189,4537,2.42,0:04:12
jXwMHSTqFJw,現場のネットワークエンジニアが愛用する仮想ネットワーク検証ツール Containerlab を解説,"Feb 17, 2025",1634,185,1795,5.29,0:06:15
sDK6la8Xg80,クラウドインフラ利用に向いているWebサービス・向いていないWebサービス,"May 13, 2024",1773,181,2860,3.18,0:07:54
HY68i7aNLGM,現役ネットワークエンジニアがInterop Tokyo2021のShowNetと各社展示ブースをレポートしてみました。,"Apr 19, 2021",2204,179,2215,6.32,0:03:30
G9338nvFDOM,各社のネットワーク構成がわかる「Peering DB」について話してみました,"May 10, 2021",2855,179,2824,3.68,0:11:48
NgtdT7_racI,「インフラエンジニア」と「ネットワークエンジニア」の違いを現役ネットワークエンジニアが解説,"Aug 26, 2024",2034,177,3201,3.94,0:07:08
Pm6nPx1_rKE,ネットワークの緊急事態を支える装置 「コンソールサーバー」について解説してみました【実機デモあり】【show int x セイコーソリューションズ コラボ企画】,"Mar 15, 2021",2264,171,1790,4.75,0:10:33
vGY0WcRg1oY,とまらないネットワークを作るための仕組み「 冗長化」を解説してみた,"Apr 11, 2022",982,161,1454,6.74,0:05:00
5_FF5TemRdM,【超入門2023⑦】「通信トラフィック」でみるインターネット,"Feb 26, 2024",813,161,1628,5.53,0:05:54
SrCsM_qxRhE,シリコンバレー企業の1on1ミーティングを再現してみた,"Dec 20, 2021",1855,159,1511,4.5,0:07:40
lt-jFA4rwwU,NTTが掲げる次世代構想 IOWN と APN (オールフォトニクス・ネットワーク) をざっくり解説,"May 20, 2024",1457,158,2270,4.41,0:04:15
sNwNY7jkRYw,20種類以上ある!? 100Gbps 光トランシーバー の正しい選び方を解説,"Jul 7, 2025",2891,151,2930,3.31,0:08:13
wPQCTZ6G5WU,開催直前!! JANOG57 in 大阪 のタイムテーブルを眺めてみよう 【JANOG57予習】【2/11-13開催】,"Feb 9, 2026",3036,143,4173,1.53,0:32:10
ssQo608m31o,「EVPNマルチホーミング」から学ぶ ネットワーク機器 冗長化技術 の過去と未来【JANOG52プレゼン解説】,"Oct 30, 2023",1904,142,1952,4.41,0:08:41
vbBJrTkIsYI,ネットワークエンジニア志望の学生/新卒におすすめのIT企業の選び方【就活】,"Jul 17, 2023",1605,140,1227,6.52,0:03:28
0FvRsZFAdUs,ネットワークエンジニアの新たな重要スキル Python について語ってみた,"Feb 13, 2023",1604,138,2534,4.03,0:05:24
OPLcqlxDKUQ,ネットワークエンジニアの給料事情についてぶっちゃけて話してみました。,"May 31, 2021",1350,134,2211,4.61,0:04:05
47BsTFssUR8,Interop Tokyo2023を支える ShowNet 構築の裏側,"Jul 6, 2023",2944,125,1511,6.62,0:07:57
ha__Bl8OUEM,ネットワーク自動化のプログラムをPythonで書いてみた,"Aug 21, 2023",1215,122,1114,6.55,0:04:48
NmkI0ZwXyLc,エンジニア人生で「楽しい仕事」のチャンスを掴み続けるためのテクニック【ノウハウ】,"Jan 19, 2026",1394,121,3279,1.71,0:05:14
dTeL-nUMvfE,KDDI が実現に成功した「ホワイトボックス・ルーター」を解説【JANOG52プレゼン解説】,"Sep 25, 2023",2059,108,996,4.72,0:09:28
8yJnGeNNhZc,ネットワークエンジニアの転職面接でされる質問と対策,"Nov 13, 2023",1820,103,1625,3.88,0:07:27
NU-2aNYGFd4,「踏み台サーバー」ってなに？ 運用失敗あるある事例と最新動向 【show int x セイコーソリューションズ コラボ企画】,"Jan 15, 2024",1926,103,1174,5.03,0:05:43
SOW6JQWjVjw,「 ネットワークエンジニアはやめとけ」と言わている件について現役ネットワークエンジニアが検証してみた,"Aug 23, 2021",1812,102,1928,2.75,0:04:20
5r2cx1IbsiM,エンジニア面接で面接官が注目しているポイントについて経験者が語ってみた【転職・就活】,"Dec 1, 2025",1482,100,2432,2.3,0:06:57
2q5wGbpl0kg,朝活してたら、たまたま Nintendo Switch 2 が買えた話。2台。,"Jul 21, 2025",2592,93,840,0.95,0:02:07
Xr31WBxfLis,ネットワーク機器を支える心臓部 ネットワークチップ（汎用シリコン/ASIC）の世界【ネットワークエンジニアの基本知識】,"Dec 16, 2024",2585,90,1333,2.55,0:07:48
t3cHXObUn64,ネットワーク機器メーカー 業界マップを作ってみた,"Jan 31, 2022",825,90,1075,5.49,0:02:50
j2GVuO4HRPU,【最新技術トレンド】ローカルブレイクアウトってなに？,"May 23, 2022",2068,89,1188,4.71,0:10:16
Rw3_WbD3sWk,仮想CPU について現役エンジニアが説明してみた【技術用語解説】,"Nov 24, 2025",1870,86,2434,2.05,0:09:06
5s7Dr9-OoHo,SIer企業の分類と特徴について話してみました,"Nov 8, 2021",1169,86,1235,3.97,0:04:19
EhUuXM54OBg,現役エンジニアが技術調査に活用するAIツール Google NotebookLM,"Nov 10, 2025",2410,85,1895,2.8,0:08:13
12gnSyLwErM,「フロー解析ってなんですか？」という疑問に現役ネットワークエンジニアが回答してみた #トラフィック解析 #sflow #netflow #IPFIX,"Oct 27, 2025",2517,84,2132,2.44,0:12:45
UveycHYTyNY,詳細解説はNG!? エンジニアが非技術系チームに技術説明する際のアンチパターン【エンジニアノウハウ】,"Jan 12, 2026",1145,83,2455,1.02,0:05:44
UvSrWVLRML4,次世代の公衆Wi-Fi 基盤 OpenRoaming（オープン ローミング） についてざっくり解説 【JANOG53プログラム解説】,"Jun 10, 2024",1438,82,1071,3.64,0:05:52
sS0pKmqxKjY,最新ネットワークアーキテクチャー CLOSネットワークについて解説します。,"Nov 9, 2020",2642,81,1239,1.94,0:05:13
XuzoGeunmAA,モバイルネットワーク専門家が教える MVNO 超入門 【show int x レンジャーシステムズ コラボ企画】,"Apr 14, 2025",2847,76,990,3.74,0:09:52
gNXVB1QPD7Q,「インターネットの中の世界」を現役ネットワークエンジニアが解説しました。,"Nov 30, 2020",2466,72,849,4.24,0:09:26
MRPW9sQjomE,ネットワーク企業がマルチベンダーを採用する理由,"Feb 7, 2022",1062,72,898,4.45,0:06:18
F8yF3htWIgI,ルーターってなに？,"Sep 25, 2020",1323,71,724,4.14,0:06:39
WhTu9Sf1wN0,国内最大級イベント Interop Tokyo 2023 に参加してきました,"Jun 26, 2023",1696,68,682,5.57,0:02:52
jQrzaRXby_s,最先端技術が生まれる世界の中心地 シリコンバレー に行ってきた,"Jun 24, 2024",1787,67,403,1.49,0:03:26
VU6p1KBxvro,ネットワークエンジニアが外資企業に転職して気づいた日本企業との違い４選,"Mar 3, 2025",2437,67,1074,3.72,0:06:06
AUoNMKpM6ik,「もし新人ネットワークエンジニアだったら何を学ぶ？」現役エンジニアがまじめに考えてみた,"Nov 1, 2021",1987,67,986,5.17,0:04:25
I4oF8jdg_ks,JANOG48開催直前！ネットワークエンジニアがJANOGに参加したほうがいい５つの理由について話してみました。,"Jul 5, 2021",2641,67,771,5.06,0:06:47
FjCNDp4XgnA,モバイルネットワーク専門家が語る「モバイルインターネットの過去・未来・現在」【3G・4G・5G】【ローカル5G】【6G時代は何がくる？】,"Jan 11, 2024",2040,66,794,5.54,0:08:25
_gPo71LPGnM,レイヤー1 (物理層)のプロに話を聞いてみました,"Apr 19, 2020",2471,66,1096,3.92,0:06:03
lXPyYjMJbto,０円でできる仮想ルーターを使ったネットワーク検証環境について話しました。,"Sep 13, 2021",1596,65,1049,4.29,0:05:29
p5MF5HCiNK8,在宅勤務歴5年の現役エンジニアが本音で語るフルリモートワークの苦悩,"Dec 8, 2025",1626,61,1964,1.53,0:08:34
yNPXhy-Psg0,現役ネットワーク運用エンジニアの1日のスケジュールを大公開,"Feb 24, 2025",1488,60,683,0.73,0:02:11
45e_mSygdfo,現役ネットワークエンジニアが「通信トラフィック」について話してみました,"Jan 25, 2021",3631,59,1113,3.32,0:15:08
f4Rb4HIuBJI,「ネットワークエンジニア未経験者歓迎！」は本当に未経験でもOKなのか,"Nov 28, 2022",920,59,1021,4.02,0:03:54
Kinac_z4UWY,「オンプレ」と「クラウド」をラクにつなぐ閉域接続サービスを解説してみた【show int x アット東京 コラボ企画】,"Aug 25, 2025",1664,59,1198,2.75,0:07:08
7gKKISb7Wlg,次世代のネットワークエンジニアに求められるスキルとは?,"Feb 8, 2021",1989,58,1126,3.11,0:08:02
RH6QYVKLCS4,グローバル企業で働くエンジニアが活用する ChatGPT 英会話学習法,"Dec 15, 2025",1543,57,1710,1.23,0:05:21
hcJJ8MfwUes,ミスが多い入社３年目の若手エンジニアにおくるアドバイス,"May 1, 2023",1928,57,823,3.28,0:04:53
XtTHr-x47oU,国内最大ネットワーク展示イベント Interop Tokyo 2024 に現地参加してきました,"Aug 19, 2024",1756,55,822,4.14,0:02:47
Y-CVCzwd5xU,JANOG56 in 松江の企業展示ブースを歩きまわる【JANOG56 後編】,"Sep 8, 2025",2695,54,1915,1.98,0:06:27
9oG0PzstWmA,30代後半 転職未経験者からの人生相談「人生で一度は転職は経験しておくべきか？」について議論してみた,"Jun 9, 2025",1333,51,838,1.07,0:04:26
If5wq2eXTNg,部下の「やらされ感」を無くすために上司/リーダーが仕事をお願いするときの要注意ポイント【ノウハウ】【マネジメント】,"Jan 26, 2026",1513,47,2171,1.01,0:08:03
5YEBng2U2oY,人事異動・退職時の「業務の引き継ぎ」は、なぜいつも不十分になるのか【エンジニアの仕事術】,"Sep 30, 2024",1312,46,851,2.7,0:07:10
eTKrch-rGmU,オライリー本を監訳しました！3年間にわたる監訳の裏側をお話します。【ネットワーク自動化とプログラマビリティ】,"Mar 7, 2022",2770,46,617,4.21,0:05:37
semsfskyHl8,広島大学で学生さんに向けて講演してきました【講演動画】【広島大学】,"Jun 2, 2025",3683,45,764,3.4,0:08:55
UfYs0YZHYuY,「一人前のネットワークエンジニアになるにはどうしたらいいの？」という質問に現役エンジニアが回答してみました。,"Jun 21, 2021",1476,45,692,3.32,0:06:25
XCSsqlBMUk0,物理(L1)作業はネットワークの仕事といえるのか、現役ネットワークエンジニアが感じる本当のところを話してみました。,"Sep 21, 2021",1301,45,465,4.95,0:06:29
o4hgbPBw2a0,新人エンジニアにおすすめしたい技術書籍 3選,"Apr 18, 2022",1759,44,478,5.65,0:04:18
OROymqO1M0M,オープンソースソフトウェアを導入する際の注意点とは【OSS・内製開発・メーカー製品を比較】,"Dec 22, 2025",1303,43,1767,1.02,0:06:05
mx8VcS6xH98,日本のインターネットの中心地「東京 大手町」について語ってみました,"May 17, 2021",537,43,430,4.42,0:02:33
moUiq5xf9Q4,Twitch 韓国からの撤退「韓国のネットワークコストが10倍」である理由,"Dec 11, 2023",2113,42,802,2,0:07:59
OVz-oS20TUs,Ansible x SmartCS のネットワーク自動化ハンズオンの紹介 【show int x セイコーソリューションズ コラボ企画】,"Sep 15, 2025",1751,42,1386,2.09,0:04:33
_9FbHgNN-QY,東京から広島に地方移住したネットワークエンジニアの話,"May 24, 2021",285,42,566,5.12,0:01:24
XQPIjZFm9us,人生における「重要な選択」を決断するための考え方,"Apr 15, 2024",1306,41,386,0,0:01:11
ENLn20MVxzo,運動不足のエンジニアに朗報!?  現役エンジニアが「とある運動」にハマっている話【エンジニア雑談】,"Jan 5, 2026",1182,41,2032,1.08,0:04:10
ttTcbbrOl5g,トップエンジニア育成プログラム「IIJアカデミー」を解説 【2期生募集中 10/31締切】,"Oct 11, 2023",1301,40,468,3.21,0:02:17
cw7LPi5XSj4,ネットワーク自動化ってなんで流行ってるの？,"Sep 19, 2020",2353,40,817,2.69,0:08:19
oWOc2uJtryA,ネットワークエンジニアに資格は果たして本当に必要なのか話してみました。,"Aug 30, 2021",1604,39,587,3.58,0:08:18
9zXv4anFW2A,文系出身でITスキル未経験者がIT企業で活躍するには何を勉強したらいい？,"Nov 17, 2025",1262,39,1576,1.78,0:04:33
1A_zqD3asP0,「エンジニアは土日も勉強すべきなのか？」の議論について現役エンジニアが思うこと,"Sep 12, 2022",1971,39,438,3.65,0:05:03
NpeYtWgHrBY,心配事で頭がイッパイッパイになったときの解決法【エンジニアの仕事術】,"Sep 16, 2024",1212,38,530,0.57,0:02:48
AXqZCYRQK1M,「ネットワークエンジニアに向いている人物像」について語ってみました。,"Feb 22, 2021",1423,38,602,4.65,0:05:40
ri7oa6-sLHs,show int の中の人 ネットワークエンジニアが転職した話,"Jul 1, 2024",988,37,605,3.47,0:03:25
MhBH2Xtbto0,仕事・育児で多忙なエンジニアにおすすめしたいゲームとの付き合い方【エンジニア雑談】,"Dec 29, 2025",1118,37,2052,1.12,0:05:52
iAifWMt9agQ,ネットワーク業界で働くセールスエンジニアの一日のスケジュール,"Jan 20, 2025",2242,36,681,2.64,0:02:03
8ertJdXKaE8,なぜあなたのおうちのインターネットは遅いのか?,"Sep 19, 2020",2936,35,753,2.12,0:13:46
Bg1-On1pLe0,ネットワークエンジニアの快適なリモートワーク環境に必要なもの,"May 8, 2023",1653,35,521,5.37,0:01:48
as9O-zhvU4s,たった１つのコンフィグで全メーカーのネットワーク機器に利用できる OpenConfig の活用事例【JANOG54プログラム紹介】,"Nov 25, 2024",1789,35,749,2.8,0:05:43
MsyDH9ZUero,サイバー攻撃の最新事情！ DRDoS攻撃 / NTP増幅攻撃 を解説してみた。,"Apr 25, 2022",2544,34,596,3.19,0:12:09
UOyu-Qo3m78,グローバル企業で働くために求められるエンジニアの英語力レベル,"Oct 7, 2024",1494,34,524,1.34,0:03:49
Wpsygy5zvcs,スキルアップや勉強で挫折しないための方法について話してみました。,"Sep 27, 2021",1603,33,495,4.24,0:07:56
NotrMF2s8Ls,ネットワーク系セールスエンジニアの 良い点・悪い点 を 業界10年超の現役エンジニアがまとめてみた,"Dec 30, 2024",1680,33,669,3.14,0:06:43
EqLZTM_DR6g,【未来予測】ネットワーク自動化によってネットワークエンジニアの仕事は無くなる？,"Oct 18, 2021",2264,33,729,3.16,0:08:54
AFN41TGU0Qc,ITエンジニアの職種を企業ごとにざっくり分類してみた,"Apr 17, 2023",1271,32,420,2.38,0:04:34
RSkBvJyJXqo,ネットワーク担当者が知っておくべき「ピアリング交渉」のはじめかた【show int x BIGLOBE】,"Mar 25, 2024",1882,32,576,2.6,0:08:54
kKFgkEDl82k,「エンジニア」から「マネージャー」になって仕事のやり方が激変した話,"Oct 13, 2025",2071,32,1214,0.91,0:05:32
DYRI4-y0i8Q,現役ネットワークエンジニアが「得意なこと・苦手なこと」をさらけ出してみた,"Apr 22, 2025",2273,32,868,1.5,0:07:39
2StmPESYmYk,AI時代にネットワークエンジニアの仕事はどう変わるのか【未来予測】,"Apr 3, 2023",2709,31,656,3.05,0:04:55
Yq3dY8MX0Y0,若手にオススメしたいネットワーク業界の定番イベント Internet Week 2025【show int x JPNIC コラボ企画】,"Oct 20, 2025",2149,30,1375,1.67,0:04:12
MlSNV9u6wpo,大規模 ISPでエンジニアとして活躍できる人材とは 【BIGLOBE 南 雄一さんインタビュー 後編】【show int x BIGLOBE】,"Mar 14, 2024",1869,30,395,3.04,0:05:46
nGdNHyyJrko,現役エンジニアが語る「ベンダーロックイン」の本当のところ,"Aug 10, 2021",1131,30,592,3.72,0:04:47
t1TCyl7Xg-0,最前線で闘うネットワークエンジニア 川上 雄也 さん #標準化 #IETF #RFC #3GPP #AI/ML【エンジニア対談】,"Nov 27, 2023",2229,30,344,1.45,0:03:48
wbMyttCwkXc,【インタビュー】BIGLOBEネットワークアーキテクト南 雄一さん【前編&後編まとめ】,"Mar 14, 2024",4185,29,612,2.29,0:11:30
zvvUixh33Ic,ネットワーク運用エンジニアの 良い点・悪い点 を 業界10年超の現役エンジニアがまとめてみた,"Dec 23, 2024",1768,29,701,1.85,0:04:28
mJmWOYmjVhY,ネットワークエンジニアの仕事の良いところ悪いところ,"Mar 14, 2022",1762,28,631,1.9,0:06:06
EnqjEN_7ngU,フルリモートワークで働く現役エンジニアが地方移住して一年半経って見えてきた実際のところ,"Jan 2, 2023",1868,28,459,3.27,0:05:16
qg9gG83Kg3k,「集中管理 vs 分散管理」ネットワーク技術のトレンドを紐解く【JANOG55プログラム解説】,"Aug 12, 2025",2978,28,907,1.1,0:07:21
Lk2Dv3nFHmk,「勉強してくれない若手エンジニア」に悩む上司・先輩は何をするべき？【新人教育】,"Apr 8, 2024",1295,28,623,1.77,0:04:16
z0W2U6jmDT8,ネットワークエンジニアから東京都 都庁に転職した平井 則輔さんと対談してみました。,"Oct 4, 2021",2079,27,481,3.53,0:03:41
NDjp_flODiI,セイコーソリューションズさんと振り返る show int 企業コラボの裏側,"Jul 12, 2021",2319,26,449,5.35,0:03:13
gWa3zPkok-8,eSports ゲーマー向けISP を調べてみたら、実は老舗ISPが運営していた話,"Jul 29, 2024",2143,26,604,1.82,0:05:06
l4ecxPTU4so,ネットワークエンジニアの一日のルーティンについて話してみました。,"Jan 11, 2021",953,25,541,3.88,0:02:47
BSFEFQkzPKQ,ネットワークインテグレーターのエンジニアの働き方【show int x レンジャーシステムズ】,"Feb 10, 2025",1790,25,726,2.2,0:04:18
K83YRt_jDY4,サイバーエージェントが構築した AI/ML専用インフラのネットワーク要件がヤバすぎた【JANOG52プレゼン解説】,"Oct 16, 2023",1613,25,645,2.33,0:08:43
oS8jHqa1HQw,クラウド時代のネットワークエンジニアの生存戦略,"Sep 26, 2022",1013,24,392,4.59,0:03:56
QkHoB17jIlw,インターネットの大原則「自律・分散・協調」を解説してみた。,"Mar 28, 2022",955,24,467,2.36,0:05:04
etQpnM6vZj0,「ネットワークエンジニアにとって英語は本当に必要か？」について話してみました。,"Jun 7, 2021",1598,24,398,3.77,0:04:26
daK0ZzaVaAQ,BIGLOBEネットワークアーキテクト南 雄一さんに聞く「美しいネットワーク設計とは」【前編】【show int x BIGLOBE】,"Mar 11, 2024",2497,24,490,2.65,0:06:42
YYbmk96gTkY,なぜあなたが作った自動化ツールは誰にも使われないのか,"Sep 4, 2023",1767,24,584,2.05,0:03:58
c-gG8WpT4u0,ネットワークエンジニアってどうやってなるの？就職方法について,"Sep 4, 2020",1328,23,602,3.32,0:04:39
M4Sdf6GlIoY,自動化に向いているネットワークインフラの共通点とは？,"Feb 15, 2022",1152,23,387,2.84,0:06:38
KnweWgTBFyg,新しい CDN 配信 のしくみ Open Caching (オープン・キャッシング) をざっくり解説【JANOG53プログラム解説】,"Jun 3, 2024",1326,23,657,1.37,0:02:40
AIzrqNrTJu0,若手女性エンジニア 髙木萌さんに聞く「ネットワーク業界に飛び込んだきっかけ」,"Apr 24, 2023",1919,22,402,1.99,0:03:26
X46yuXxS2OA,転職活動中に絶対にやってはいけない１つのこと【#100日後に退職する47歳】,"Oct 23, 2021",1390,22,348,2.59,0:04:38
T8W4juInmts,ネットワークチップ進化の展開予測 2025年~2026年【インターフェースの高速化・大容量化】,"Feb 3, 2025",2036,22,725,1.66,0:07:41
6Wrac0eR0m8,【JANOG51講演動画】ここがヘンだよ日本人の英語コミュニケーション 〜日本人特有の落とし穴を知り、グローバル社会でも活躍できるエンジニアになろう〜,"Mar 6, 2023",3160,22,894,0.56,0:07:02
1lLySfl582U,ChatGPT でルーターコンフィグを正しく作れるのか現役ネットワークエンジニアが検証してみた,"Jul 28, 2025",1423,22,862,1.62,0:03:59
FsUT4wX1L8A,ネットワークエンジニアが注目しておくべき最新技術カンファレンス 4選,"Jan 23, 2023",1675,22,424,4.48,0:03:39
kyDEzx8C3C4,失敗しないネットワーク機器の選定のコツとは,"Jan 24, 2022",1246,21,424,3.07,0:06:30
QGyoLTqCAoI,ネットワークエンジニアの効率の良い収入の増やし方について話してみました。,"Jul 11, 2022",998,21,376,3.72,0:09:30
UHsWBL6ZulU,人生初の転職活動を成功させた 神谷 が伝える「エンジニア転職の最新ノウハウ」,"Dec 25, 2023",2363,21,362,1.93,0:06:25
LJ3e2es0JSg,30〜40歳代の中堅エンジニアの生存戦略,"May 29, 2023",1399,21,647,2.01,0:02:58
qC6lKC8Pqis,ベテラン登壇者が語る「技術プレゼン」を成功させるコツ,"Apr 10, 2023",3540,20,262,2.29,0:05:04
bpWkGGo5a1Y,時代で変化するインターネットのパワーバランス,"Aug 8, 2022",2075,20,551,2.36,0:12:04
 -Ca3LruGU2A,IoT技術、エンジニアのスキルセットについて話してみました。,"Apr 7, 2019",2149,20,575,2.09,0:04:33
rXImv_hm0Nw,目標設定における「KPI」と「OKR」の違いを解説,"Mar 4, 2024",1653,19,383,1.04,0:02:55
pSuDbgYwZVk,2030年のネットワークトラフィックを大予想,"Jun 5, 2023",2832,18,368,2.17,0:01:40
qVZZEMTV5pk,IT企業に就職したい人は学生時代に何をやっておくべき？ #就活 #就職活動 #新卒 #IT企業 #エンジニア就職 #採用,"Nov 3, 2025",1458,18,1452,0.96,0:06:33
erqpRKLfDG4,外資企業と日本企業の働き方の違いについて比較してみた,"Jul 22, 2024",2238,18,424,0.94,0:03:45
y3G37mJ4bmc,旧世代ネットワーク機器へのゼロタッチ・プロビジョニング(初期設定の自動化)を実現しました【デモあり】,"Dec 13, 2021",2334,18,511,1.96,0:05:47
NlKMCnvPtyo,フルリモートワークを実践しているネットワークエンジニアの話,"Nov 15, 2021",1286,17,422,3.08,0:02:28
bTwTFVgq-1M,ネットワーク系カンファレンスJANOG48の現地会場の様子と注目すべきプログラムについて紹介してみました。,"Jul 26, 2021",3849,17,382,2.36,0:11:07
v9035m7XD2Y,子育てエンジニアの苦悩。自己学習の時間が取れない『焦り』との付き合い方。,"Apr 28, 2025",1343,17,771,1.3,0:07:41
U5Aclp1N-i8,エンジニアとしてお給料をたくさん稼いでも幸福度アップに繋がらなかった話,"Nov 11, 2024",1676,17,600,1.5,0:06:11
I6IKEMv5XlY,配属ガチャに失敗した新人にオススメしたいキャリア戦略,"Jul 24, 2023",1740,17,325,1.85,0:02:38
qWMwl6M3-_8,API が存在しないレガシー機器をネットワーク自動化する裏ワザ【デモあり】【SmartCS API 活用術】,"Jun 13, 2022",3417,17,475,2.32,0:08:30
yDe4Vue-geI,ネットワーク自動化、テクニカルエバンジェリストについて話してみました。,"Jan 28, 2019",1726,17,310,4.19,0:09:33
3gTQ1qwfQds,【エンジニア対談】開発エンジニア 中山 真一さんにネットワーク機器の開発の裏側について聞いてみました。【show int x セイコーソリューションズ コラボ企画】,"Apr 12, 2021",2622,16,597,0.67,0:07:42
eQBW5bq1jgk,【講演】ネットワーク業界に飛び込んだ若手エンジニア&学生の本音を聞いてみた【NaniwaNOG2】,"Dec 9, 2024",2737,16,675,1.63,0:01:52
1vNz9G6ny-c,現役エンジニアが業務に取り入れているAIチャットツール活用術【ChatGPT】【Google Gemini】,"Sep 23, 2025",2383,16,1001,1.2,0:08:42
UFBzcAL1d2g,ネットワークエンジニアの魅力・楽しいポイントとは？,"Aug 15, 2020",2500,16,640,1.88,0:09:42
un6-rJycTE0,現役エンジニアのフルリモート勤務の悩みを打ち明けてみた,"Mar 17, 2025",1938,15,681,1.32,0:04:24
TcsWTS5qBzI,ニコニコ超会議2022で実践されたネットワーク自動化事例【セイコーソリューションズ コラボ企画】,"May 22, 2023",847,15,400,2.5,0:02:37
Z8e5vso5SRU,StackStorm で実現するネットワーク完全自動化の世界,"Oct 24, 2022",2503,14,298,2.01,0:05:51
ePJIVZZhzRg,エンジニアとして 20代 のうちに身につけておきたい習慣 ３選,"Sep 9, 2024",1963,14,574,2.09,0:05:54
wkayGUiJExY,部下の仕事の「やらされ感」を解消する方法,"Nov 29, 2021",2294,14,248,3.63,0:07:32
QYGYwPuL1Cs,"ネットワーク自動テストツールBatfish, 技術ブログについて話してみました。","Feb 17, 2019",1312,14,197,2.54,0:04:41
tpoUZJB56WA,新人エンジニアがJANOGスタッフをやるメリットについて話しました。,"Aug 2, 2021",2051,14,388,2.58,0:03:40
wlvjRKOEZxA,show int 神谷が人生初の『転職』に成功しました #外資系 #エンジニア転職,"Dec 18, 2023",1246,13,316,1.58,0:03:09
lAp_SqplcR4,オフィス回帰ブームでフルリモートワーク継続は困難になりつつある！？,"May 19, 2025",1637,13,766,1.31,0:07:18
JqYM5B6xqac,時刻同期技術の最前線 IEEE ISPCS2024 参加レポート 【show int x セイコーソリューションズ コラボ企画】,"Jan 13, 2025",3031,13,623,1.28,0:08:44
OssEgB-WuGE,転職経験豊富な現役エンジニアが「失敗しない転職のコツ」について話しました。,"Mar 22, 2021",2407,12,255,2.75,0:08:04
HUUnXzY0_yY,show int をはじめた理由を赤裸々に語ってみた,"Apr 7, 2025",1375,12,666,1.35,0:08:12
e8RPR9N4DNA,部下の悩みを早期解決するために 1on1 で上司が気をつけるべきポイント,"Oct 6, 2025",1825,12,1101,0.27,0:04:00
TBvc9ytiZTw,WhiteBox用ネットワークOS開発の最新動向を聞いてみました,"Feb 22, 2020",1608,12,204,2.94,0:03:34
xdy8xWz9HRA,最先端技術 & おもしろ技術ネタ が盛り沢山の JANOG55 企業展示ブースを現地レポート【JANOG55 後編】,"Apr 1, 2025",2658,11,578,1.56,0:01:39
oDm-Gj9vU7U,仕事で忙殺される若手エンジニアのためのキャリア戦略術,"May 6, 2024",1316,11,438,1.14,0:10:18
sh5u0ANvvTs,国内最大のネットワーク業界カンファレンス JANOG56 in 松江 を現地レポート 【JANOG56 前編】,"Sep 1, 2025",1802,11,909,0.88,0:05:53
ZnV6lEjffcQ,ネットワークエンジニアの職種をざっくり分類してみた,"Jan 17, 2022",1061,11,278,1.8,0:07:43
AyPCu89Oq8I,エンジニアが「副業選び」で失敗しないためのコツ,"Sep 23, 2024",2033,11,528,1.7,0:06:28
m48C_XtU1_E,外資企業を経験したエンジニアが考える アメリカ企業・日本企業の企業文化の違い,"Mar 10, 2025",1902,11,591,0.51,0:01:30
M1c265IIEWM,エンジニア人生のキャリア設計と目標達成の方法について話してみました。,"Oct 26, 2020",2662,10,457,1.31,0:09:47
m2u8w_qVUMk,次の時代のネットワークエンジニアの生存戦略について話してみました。,"Feb 22, 2020",1482,10,321,1.56,0:07:38
 -zfGJIwQUh4,【告知】新人のためのインターネット超入門 3時間講演やります 【6/13(火) 13:00 受付開始】,"Jun 12, 2023",1219,10,311,1.93,0:01:33
m9jyvmtjDH8,【JANOG52長崎 ③】学生&若手エンジニアに聞く「JANOGスタッフをやる理由」,"Aug 14, 2023",2180,10,286,1.05,0:00:19
2zmJXpfLkhA,【講演】地方移住エンジニアが語る「地方移住者のホンネ」【3SNOG 現地レポート】,"May 13, 2025",3199,10,682,0.88,0:08:45
iQg49y7KSVU,ワールドカップ2022 の裏側でネットワークエンジニア達がヒヤヒヤしていた事情を解説します【ABEMAおよび各社エンジニアのみなさまお疲れさまでした】,"Dec 19, 2022",2829,10,198,1.52,0:01:32
vuRD82F0bJM,show int #0 ネットワークエンジニアの雑談 今後やっていきたいこと,"Jan 3, 2019",1940,10,180,3.33,0:08:18
gOtS3G9WbF8,JANOG49の業界最新トピックを現役ネットワークエンジニアが解説してみた,"Feb 21, 2022",4737,10,436,1.83,0:17:17
7VQnQI0CaFA,【講演】インターネットの未来を予測するコツ【広島地域IPv6推進委員会】,"Apr 1, 2024",2540,10,510,0.98,0:13:43
YkvU8JmF2qw,アジア各国を飛び回るスターエンジニア maz 松崎 吉伸さん【エンジニア対談】,"Dec 5, 2022",2406,10,164,0.61,0:08:48
WQr02iyj6n0,現役ネットワークエンジニアが「ネットワーク自動化の歩き方」の記事を執筆しました【n月刊ラムダノート】,"Dec 27, 2021",675,10,234,2.14,0:02:39
bNVJH3OCmVo,ネットワークは褒められにくい仕事！？ネットワークエンジニアのモチベーション維持の方法を考える,"Oct 14, 2024",1336,10,512,0.78,0:00:42
fkbnXESrkLQ,ITエンジニア社長 ツッチーさんに起業したときの話を聞いてみた 【エンジニア対談】,"May 16, 2022",2448,10,136,0.74,0:01:23
LnBWaev5MVM,ネットワーク機器メーカーのユーザー会イベントに現地参加してみた 【show int x セイコーソリューションズ コラボ企画】,"May 5, 2025",690,9,628,0.64,0:01:11
fHZpgFVRlNY,日本人が陥りがちな外国人エンジニアとのコミュニケーション失敗例,"Oct 31, 2022",2384,9,363,0.83,0:14:25
F7JKRaKk4oY,ネットワーク業界関係者4000人が集まったJANOG55 in 京都 現地レポート【JANOG55前編】,"Mar 24, 2025",1714,9,555,0.36,0:00:25
kDjkE_ASUXw,【あきみちさん対談】 ピアリング戦記の執筆の裏側・クラウドファンディング・技術書籍への企業スポンサーについて聞いてみた,"Sep 5, 2022",1919,9,625,0.8,0:11:15
59pn6YjA9JU,ネットワーク業界関係者 3200名が集まった JANOG54 in 奈良 を現地レポート【JANOG54前編】,"Aug 5, 2024",1623,9,382,2.09,0:00:23
XkIwUUFgnbI,eSportsプロゲーマーの自宅回線トラブルをネットワークエンジニアが手伝って解決した話,"Sep 2, 2024",1726,9,412,1.21,0:03:40
emXLPe9YdwE,現役ネットワークエンジニアが教える 新技術導入で気をつけるべきポイント,"Sep 29, 2025",1457,9,1209,0.25,0:04:55
EFMTGgQEwTc,【ストレス爆発寸前！】子育てエンジニアのストレス・悩みを育児経験者にぶつけてみた,"Oct 17, 2022",1684,9,205,1.46,0:04:17
cGiowvDW758,衛星データ通信、コンテナ技術について話してみました。,"Apr 21, 2019",2757,8,432,1.39,0:00:08
xkWsJRMOetQ,光ケーブルをリモートから配線可能に!? ロボット自動光配線システム XENOpticsを体験してきた【show int x センコーアドバンス コラボ企画】,,1448,8,0,,0:05:21
9lQ2n_IiXw4,ベテラン海外担当者が語る経験談「日本と海外のビジネス作法の違い」【前編】【show int x セイコーソリューションズ コラボ企画】,"May 26, 2025",2322,8,824,0.36,0:00:28
FkAUTYip1n8,トップレベルのエンジニアに求められるコミュニケーション力・リーダーシップ力,"Dec 13, 2022",1775,8,284,1.41,0:04:25
hB4CBLmK0lw,複数の会社から転職オファーをもらったときの選び方【視聴者さんからのお悩み相談】,"Nov 21, 2022",1222,8,220,3.18,0:01:08
utfaErKaMrs,シニアネットワークエンジニアが成長の伸び悩みについて本音を話してみた。,"Jul 4, 2022",1069,8,323,1.86,0:01:57
CqSjyJWEkKk,ベテラン海外担当者が語る経験談「海外ビジネスを失敗させないための秘訣」【後編】【show int x セイコーソリューションズ コラボ企画】,"May 28, 2025",1747,8,743,0.4,0:02:24
jjEy_2RwBSo,JANOG54開催直前！show int の中の人が気になってる注目プログラム【2024年7月3-5日開催予定】,"Jun 17, 2024",4294,7,408,1.23,0:01:07
JXg_iQE7xe0,外資よりも国内企業が圧倒的に優れているポイント３選 【国内企業vs外資企業 比較】,"Oct 21, 2024",1567,7,436,0.46,0:05:49
Ci0x3attzDo,ネットワーク業界最大規模のカンファレンス JANOG 50 in 函館 に現地参戦してきた,"Aug 30, 2022",2439,7,191,2.09,0:04:53
knFM1U8V-ug,エンジニアとして活躍するには「強みを伸ばすべき？」「弱みを無くすべき？」,"Jul 15, 2024",1124,7,509,0.59,0:03:36
XowRiqj8ar8,Googleが主導する気球ネットワーク「Project Loon」 を紹介します。,"Dec 21, 2020",1340,7,373,0,0:19:19
TFFpCss21sE,JANOG53 企業展示エリアを散策【JANOG53 in 博多 後編】,"Feb 13, 2024",1880,7,328,0.61,0:01:20
HrKGwCduzns,海外転職を実現するための戦略について話してみました。,"Nov 22, 2021",1531,7,397,1.01,0:18:54
rGfOFxSwWoY,ネットワークエンジニアのキャリア観・人材像について話してみました。,"Jun 30, 2019",3242,7,213,2.82,0:07:04
0-eGwE9h230,「やりたいこと」をするための時間の作り方,"Nov 16, 2020",1945,7,451,0.89,0:14:11
2lLeeAi0-l0,ネットワーク技術カンファレンス JANOG51 で議論された最新技術トレンドについて解説します,"Feb 27, 2023",2539,7,252,2.38,0:05:32
SMBdv4ryXEw,リモートワークの活力を上げる「朝散歩」の効果と方法,"Dec 14, 2020",1109,6,217,0.92,0:03:06
1Ldlm3nDAAc,ローカル5G技術を利用した未来のゴルフ中継インターネットライブ配信システム【NEC】【JANOG53プログラム解説】,"May 27, 2024",1417,6,413,0.97,0:04:18
qc9hZXIV_CM,ネットワークエンジニア社長の副業から起業までの話を聞いてみました。,"Apr 26, 2020",3004,6,176,1.14,0:06:23
fj5RNL6q5OE,JANOG54 in 奈良  企業展示エリアを現地レポート【JANOG54後編】,"Aug 12, 2024",2213,6,370,1.35,0:01:19
KMgdmbOt_C8,グローバル企業、入社前に感じていた５つの誤解,"Sep 6, 2021",2351,6,246,2.03,0:15:10
UbMKaR4VJjE,プログラマーがネットワークエンジニアとして活躍するための条件,"Sep 11, 2023",1598,6,356,1.4,0:05:43
SGJVDqkquT4,現役ネットワークエンジニアが実践する「モチベーションに頼らない成長戦略」,"Nov 7, 2022",1515,6,225,1.78,0:00:05
tVl8msi-ztg,【JANOG52長崎 ②】ネットワーク企業145社が集まったJANOG52企業展示エリアを散策,"Aug 7, 2023",2218,6,310,1.94,0:02:46
hlsbpaUfqP0,地域ISPのネットワーク戦略に話を聞いてみました。,"Mar 3, 2019",1977,6,171,1.75,0:03:05
8CscPvIiYPs,ネットワークエンジニアの「副業」や「起業」について話してみました。,"Oct 11, 2021",1282,6,186,1.61,0:03:55
vAq_6X10LBc,JANOG53開催直前! 注目プログラムを紹介します【2024年1月17-19日開催予定】,"Jan 8, 2024",1981,6,279,2.15,0:00:14
XgfZF9wPmPU,転職経験豊富なネットワークエンジニアにお話を聞いてみました。,"Jun 18, 2019",2178,6,216,2.78,0:01:21
VLPCOLVi1HY,自宅のインターネットが遅いときの改善方法,"May 15, 2023",1865,6,275,1.45,0:02:50
zSU-VMfZtWI,「エンジニアも一度はマネージャーを経験した方が良い」という世間のアドバイスに対して真面目に議論してみた,"Nov 18, 2024",1612,6,500,0.4,0:01:14
oWSua2XmuyY,新人エンジニアにおすすめしたい３つの習慣,"May 9, 2022",2651,5,219,1.37,0:11:09
mVgYA-M28Gg,有名VTuber の自宅インターネット回線トラブルを現役ネットワークエンジニアが助けてきた話,,2684,5,41,0,0:00:17
aHPVahiKu_E,開催直前！JANOG55 in 京都！ 注目プログラム紹介 【2025年1月22日(水)〜25日(金)】,"Jan 6, 2025",2642,5,575,0.17,0:00:38
gQJJM44a5mE,管理職を避け続けてきた現役エンジニアが自分のチームを立ち上げることになってしまった話,"Jul 14, 2025",1472,5,843,0.24,0:01:00
MDqkONWiu1k,Twitter・Facebookなどのグローバル企業で人員削減が相次いだ2022年。「大規模人員削減時代」にエンジニアがいま考えておくべきこと,"Dec 26, 2022",2482,5,205,1.46,0:09:19
_8LaXMVaHj0,大阪関西万博2025に行ってきました,"Jun 30, 2025",1582,5,686,0,0:00:58
giAgxweBc28,JANOG49ネットワークチームのみなさんにインタビューさせていただきました,"Feb 23, 2022",4260,5,149,0,0:01:18
NFNNBOflnkQ,【開催直前】JANOGスタッフがおすすめするJANOG51 Meeting みどころ紹介【最新技術から現地観光情報まで】,"Jan 9, 2023",3532,5,316,1.58,0:00:12
rc5uUq7gtwU,JANOG55 in 京都 終了直後！ 現地の様子を振り返ってみた,"Jan 27, 2025",2038,5,501,0.2,0:00:08
_FqlhXbzLMs,JANOG56 in 松江、 終了直後のホテルから現地の様子をふりかえってみた,"Aug 4, 2025",2134,5,830,0.36,0:00:25
bgChbVuCGjg,NTTドコモがネットワーク運用体制を刷新！SIer依存体制から脱却した話【JANOG50 プレゼン解説】,"Sep 20, 2022",1064,5,278,1.44,0:03:54
7nwO7U6Ovlg,JANOG51終了直後！富士山からJANOG51現地の雰囲気をふりかえりました,"Jan 30, 2023",629,5,157,1.91,0:00:49
ytcuK826Fqc,開催直前！JANOG56 in 松江 の注目プログラムを紹介 【ネットワーク業界イベント】【カンファレンス】,"Jun 23, 2025",3618,5,734,0.54,0:10:43
UuVJhcAJm6s,【運営からのご報告】全ての動画内CMをやめることにしました,"Mar 27, 2023",580,5,174,0,0:00:59
mUTAN6xgGuQ,エンジニアとして専門性を尖らせるべきか、幅広くスキルを獲得するべきか,"Aug 15, 2022",1762,4,219,1.83,0:04:27
RfyRP1vphW0,はじめてのリーダー職で自信が持てない人へのアドバイス【人生相談】【質問コーナー】,"Aug 18, 2025",1171,4,949,0.21,0:04:49
TgX16R6LMo8,JANOG54 in 奈良の終了直後！ 現地の様子を振り返ってみた,"Jul 8, 2024",1808,4,369,0.81,0:00:22
x332_QWLqII,副業のプロに聞く！副業に向いている人、副業に向いていない人,"Oct 2, 2023",1546,4,374,0.8,0:10:16
082qUR5jIfw,イケてるグローバル企業に転職するためにやるべきことについて語ってみました。,"Mar 1, 2021",3268,4,274,0.73,0:00:49
p_-OgJlU_xM,技術者コミュニティの立ち上げのコツ,"Jun 6, 2022",1851,4,183,2.19,0:08:01
IK5NA-UHGW8,関西のネットワーク運用者コミュニティ NaniwaNOG 2 in 姫路 に参加してきた,"Dec 2, 2024",2054,3,459,0.44,0:02:46
Kv_EaxHzprk,【JANOG52長崎 ①】2000名のNW業界関係者が集結した JANOG52 in 長崎 を現地レポート,"Jul 31, 2023",1719,3,294,0.68,0:00:45
sjh2pPdGrJY,【1/26-28開催】JANOGスタッフがオススメするJANOG 49 みどころ紹介【show int x JANOG コラボ企画】,"Jan 11, 2022",2088,3,235,0.85,0:00:11
XKDZqChFT4I,JANOG52 in 長崎 みどころ紹介【7/5〜7/7開催予定】,"Jun 19, 2023",3860,3,216,0,0:00:34
0GoJgfSb5N8,JANOG53 Meeting in 博多 現地レポート【JANOG53 前編】,"Feb 5, 2024",1573,3,287,1.05,0:00:10
jItGDN06S_I,インターネットを24時間365日支える仕組みとは,"Feb 1, 2021",1630,3,132,1.52,0:00:16
vn_1gqEh8hw,show int の2022年振り返り & 2023年に挑戦したいこと,"Jan 16, 2023",1654,2,166,1.2,0:00:00
 -siFSub94lc,受講料無料のCCNA資格スクール 「ネットビジョンアカデミー」について聞いてみた,"Oct 30, 2020",3869,2,200,0.5,0:12:43
cnAvaMsiTLA,ネットワークエンジニアが自分の成長を実感するタイミング,"Jul 25, 2022",789,2,201,1,0:03:27
tm1PAROz8hQ,高校で必須化された新科目「情報I」について紹介します【JANOG51解説】,"Mar 20, 2023",1533,2,164,0,0:00:45
EfiPKBiaQDY,show int 応援企業に向けた報告会を開催しました,"Dec 31, 2023",2621,2,255,0.78,0:00:00
XC5J_Qbv7eE,ロシア・ウクライナ軍事侵攻によるインターネット分断の危機【スプリンターネット】【JANOG50プレゼン解説】,"Oct 3, 2022",2187,2,309,0.65,0:04:00
IgeDskcLp1E,JANOG53 in 博多 で面白かったプログラムを振り返ってみた,"Jan 22, 2024",1699,2,347,0.58,0:00:00
2cb-MUUDt3U,ゲームとインターネットの関係性について話してみました。,"Mar 9, 2019",1780,2,154,0.65,0:14:10
JH4JrdrO674,いい企業を見つける方法について話してみた,"Oct 11, 2022",1501,2,158,1.27,0:04:53
d5UTadczKcM,海外カンファレンス APNIC56 in 京都 に現地参加しました,"Feb 19, 2024",1110,2,265,0,0:00:11
T-6KBuF_ssg,JPNIC主催のセミナーイベント Internet Week 2024 開催直前！見どころ解説【11月19〜27日】【show int x JPNIC コラボ】,"Oct 28, 2024",2833,1,429,0,0:00:00
_iisQcbn77M,エンジニアとして最高のチャンスを掴むためのスキル,"May 30, 2022",1502,1,179,0.56,0:00:09
3Fz8e-439Rg,エンジニアとして幸せな人生を実現するための方法について話してみた,"Aug 22, 2022",1529,1,214,0,0:04:39
XSIWMsrMOFo,20260720 ネットワークエンジニアの市場価値の測り方001,,1454,1,0,,0:23:22
fkONgGhylsw,YouTube1000人突破記念！ 「show int がこれからやっていきたいこと」について語ってみました。,"May 3, 2021",1622,1,136,0,0:00:40
GCNZZ810pmk,JANOG52終了直後に現地の様子をふりかえる,"Jul 10, 2023",1234,1,213,0,0:00:01
1qkS7INgVmg,リモートチームの作り方について話しました。,"Aug 3, 2020",3585,1,136,0,0:00:02
dIREwHlIFyA,shwo int 2024年度前半の活動を応援企業と振り返ってみた,"Nov 4, 2024",3205,1,423,0,0:00:00
hthEN8RHGSk,ポケモンGoとネットワーク交渉/Peering、ゲームについて話してみました。,"Nov 5, 2019",2485,1,138,0,0:36:11
BgTWINTICd0,eSports時代に求められるネットワークの品質とは 【JANOG51解説】,"Mar 13, 2023",1863,1,187,0.53,0:34:39
GEicptmkEZg,技術についていけなくなる将来の不安に対するアドバイス,"Nov 6, 2023",1255,0,264,0,
mr0I8ynWtEM,show int のYouTubeチャンネル登録者の推移と統計情報で振り返ってみました。,"Apr 26, 2021",1257,0,193,0,
AG6wppYHXto,目の前の仕事を「やりたい仕事」に変換する方法,"Nov 23, 2020",906,0,186,0,
OmUCdRq0GmE,「YouTubeチャンネルをはじめたときの想い」について語ってみました。,"Apr 5, 2021",862,0,111,0,
_89lLsZoRgM,リモートワーク中のマネージャーとの1on1の重要性について話しました。,"Aug 4, 2020",2912,0,128,0,
evN-lfbttSA,【編集ミスのため非公開】最先端技術 & おもしろ技術ネタ が盛り沢山の JANOG55 企業展示ブースを現地レポート【JANOG55 後編】,"Mar 31, 2025",2658,0,0,,
DS_XckbvoeM,日本中のネットワークエンジニアが集まる JANOG51 の会場から現場の雰囲気をレポートします,"Feb 6, 2023",2454,0,210,0,
WweuE-HpS_U,在宅勤務を楽しくできるリモートランチ雑談の効果とコツ,"Dec 28, 2020",1386,0,142,0,
6nRkkFaIsvQ,show int チャンネル登録者3000名突破！いただいた質問に全部答えます！,"Jun 28, 2022",2048,,136,0,
J9kL-Xb3rCU,2年ぶりの現地参戦！JANOG50@函館の現地の雰囲気を振り返ってみた,"Aug 2, 2022",424,,145,0,
